"ID","First Name","Last Name","Date Of Birth","Date Hired","Position"
"1","Mike","Hurst","07/07/1970","14/09/2014","Office manager"
"2","Honorato","Richmond","10/03/1967","08/02/2015","Secretary"
"3","Ivory","Schmidt","29/05/1989","08/01/2015","Designer"
"4","Quintessa","Odonnell","02/01/1982","20/07/2014","Junior Java developer"
"5","Jocelyn","Hicks","29/04/1976","20/02/2015","Designer"
"6","Thaddeus","Gay","09/01/1970","21/11/2014","Lead developer"
"7","Taylor","Solis","21/09/1969","11/03/2015","Designer"
"8","Yardley","Kirk","11/06/1992","16/04/2015","Freelance designer"
"9","Bryar","Vasquez","11/11/1986","15/01/2015","Secretary"
"10","Caryn","Suarez","28/06/1994","20/07/2014","Lead developer"